text,label

I feel like I cannot breathe properly,emergency
My chest is hurting badly,emergency
Something feels wrong with my breathing,emergency
I feel extremely dizzy suddenly,emergency
Please help me I feel faint,emergency
I am struggling to breathe right now,emergency
My heart feels like it's racing,emergency
I suddenly feel very weak,emergency
I feel like I might pass out soon,emergency
I cannot catch my breath properly,emergency
My chest feels tight and painful,emergency
Please help me quickly something is wrong,emergency
I feel intense pain in my chest,emergency
I feel like collapsing right now,emergency
I feel extremely unwell suddenly,emergency
Something is seriously wrong with me,emergency
My breathing feels very difficult,emergency
I feel severe discomfort in my chest,emergency
Please send help urgently,emergency
I feel like I will faint any moment,emergency
My chest feels very heavy,emergency
I cannot breathe deeply,emergency
My heart is beating too fast,emergency
I feel very dizzy and weak,emergency
I feel pressure in my chest,emergency
Please help I cannot breathe,emergency
My breathing feels restricted,emergency
I feel sudden weakness in my body,emergency
My chest pain is getting worse,emergency
I feel like collapsing,emergency
I am having severe breathing trouble,emergency
I feel extremely lightheaded,emergency
I feel intense pressure in my chest,emergency
My body feels extremely weak,emergency
Please help something feels wrong,emergency
I feel severe dizziness,emergency
My breathing is getting harder,emergency
I feel like my heart is pounding,emergency
I feel faint suddenly,emergency
I cannot breathe normally,emergency
My chest pain feels sharp,emergency
I feel tightness in my chest,emergency
I feel like my breathing is stopping,emergency
Please help I feel like collapsing,emergency
My chest discomfort is increasing,emergency
I feel sudden chest pressure,emergency
My breathing feels painful,emergency
I feel very unstable suddenly,emergency
Please someone help me breathe,emergency
I feel like I am losing strength,emergency
My heart is beating irregularly,emergency
I feel like I might blackout,emergency
My breathing feels shallow,emergency
I feel heavy pressure on my chest,emergency
I feel extremely dizzy and weak,emergency
Please help my breathing feels abnormal,emergency
I feel sudden pain near my heart,emergency
I feel severe weakness all over,emergency
My chest feels compressed,emergency
I feel like I cannot inhale properly,emergency
My chest pain is unbearable,emergency
I feel faint and unstable,emergency
I feel like something is wrong with my heart,emergency
My breathing suddenly became difficult,emergency
I feel like collapsing right away,emergency
My chest pain is spreading,emergency
I feel extremely uncomfortable in my chest,emergency
My breathing is getting worse quickly,emergency
I feel like my heart is racing uncontrollably,emergency
Please call the nurse,nurse_request
I need help getting up,nurse_request
Can the nurse come here,nurse_request
I need assistance please,nurse_request
Please send a nurse to my room,nurse_request
I need help adjusting my bed,nurse_request
Could someone help me sit up,nurse_request
I need help moving,nurse_request
Please ask the nurse to come,nurse_request
I need help with my IV,nurse_request
I need someone to assist me,nurse_request
Can the nurse check on me,nurse_request
Please help me with my pillow,nurse_request
I need help turning in bed,nurse_request
Could the nurse come here,nurse_request
I need assistance with the bed controls,nurse_request
Can someone help me stand,nurse_request
Please send a nurse for assistance,nurse_request
I need help sitting properly,nurse_request
I need support getting out of bed,nurse_request
Can someone help adjust my bed position,nurse_request
Please send someone to help me sit,nurse_request
I need assistance moving in bed,nurse_request
Could the nurse assist me please,nurse_request
Please help me sit comfortably,nurse_request
I need help standing up,nurse_request
Can someone assist me here,nurse_request
Please call a nurse for me,nurse_request
I need help repositioning myself,nurse_request
Could someone help me with my blanket,nurse_request
I need help with my bed controls,nurse_request
Please ask the nurse to check my IV,nurse_request
I need help adjusting my pillow,nurse_request
Can someone assist me with sitting,nurse_request
Please send the nurse here,nurse_request
I need help lying down properly,nurse_request
Please help me adjust my position,nurse_request
Can the nurse check my bed,nurse_request
I need assistance with comfort,nurse_request
Please call the nurse quickly,nurse_request
Could someone help me move,nurse_request
Please send help from the nurse,nurse_request
I need assistance with sitting up,nurse_request
Can someone help me adjust my blanket,nurse_request
Please ask the nurse to assist me,nurse_request
I need help getting comfortable,nurse_request
Could someone help me change position,nurse_request
I need assistance with my bed,nurse_request
Please call the nurse to help me,nurse_request
I need help fixing my pillow,nurse_request
Can the nurse help me sit properly,nurse_request
Please send a nurse to assist me,nurse_request
I need help changing my position,nurse_request
Could someone help me lie down,nurse_request
Please send someone to help adjust my bed,nurse_request
I need assistance with my posture,nurse_request
Can the nurse help me move,nurse_request
Please send a nurse to check me,nurse_request
I need help adjusting the bed height,nurse_request
Could someone help me sit upright,nurse_request
Please ask the nurse to assist me here,nurse_request
I need help getting comfortable in bed,nurse_request
Can someone help me with positioning,nurse_request
Please call the nurse to assist me now,nurse_request
I need help adjusting the pillow,nurse_request
Could the nurse help me lie down properly,nurse_request
Please send help for adjusting my bed,nurse_request
I need assistance sitting up straight,nurse_request
Can someone help me shift position,nurse_request
Please call the nurse for assistance,nurse_request
When will the doctor visit me,doctor_query
Can I speak with the doctor,doctor_query
I want to talk to the doctor,doctor_query
When is the doctor coming,doctor_query
Can the doctor check my condition,doctor_query
I would like to ask the doctor something,doctor_query
Please inform the doctor I have a question,doctor_query
Can I consult the doctor,doctor_query
I need to discuss my symptoms with the doctor,doctor_query
Can the doctor review my reports,doctor_query
When can the doctor see me,doctor_query
Please let the doctor know I have a concern,doctor_query
I want to ask the doctor about my treatment,doctor_query
Could the doctor visit my room,doctor_query
I have a question for the doctor,doctor_query
Please arrange a doctor consultation,doctor_query
Can the doctor examine me today,doctor_query
I want the doctor to check my reports,doctor_query
I need clarification from the doctor,doctor_query
Please call the doctor for me,doctor_query
Can I discuss my symptoms with the doctor,doctor_query
When will the doctor be available,doctor_query
Could I talk to the doctor soon,doctor_query
Please arrange a meeting with the doctor,doctor_query
I would like the doctor to check my reports,doctor_query
Can the doctor review my condition,doctor_query
Please inform the doctor I need consultation,doctor_query
I need medical clarification from the doctor,doctor_query
Can the doctor come to my room,doctor_query
Please schedule a doctor visit,doctor_query
I would like to consult the doctor today,doctor_query
Please call the doctor here,doctor_query
I want to ask the doctor about my symptoms,doctor_query
Can I speak to the doctor about my treatment,doctor_query
Please arrange a discussion with the doctor,doctor_query
I would like to meet the doctor,doctor_query
Please let the doctor know I have questions,doctor_query
Can the doctor review my reports today,doctor_query
Please schedule doctor consultation,doctor_query
I need to ask the doctor about my condition,doctor_query
When will the doctor check me,doctor_query
Please call the doctor to my room,doctor_query
Can the doctor visit me soon,doctor_query
I would like to speak with the doctor about my health,doctor_query
Please arrange for the doctor to see me,doctor_query
I want the doctor to evaluate my reports,doctor_query
Could the doctor explain my treatment plan,doctor_query
I need to talk to the doctor regarding my symptoms,doctor_query
Please inform the doctor I want consultation,doctor_query
Can the doctor provide guidance on my condition,doctor_query
Please let the doctor know I need to speak,doctor_query
When will the doctor come for rounds,doctor_query
I need to ask the doctor about my medication,doctor_query
Could the doctor check my test results,doctor_query
Please schedule a doctor review for me,doctor_query
I want to talk to the doctor about my reports,doctor_query
Please inform the doctor I need advice,doctor_query
Can the doctor discuss my treatment with me,doctor_query
I need to ask the doctor about my diagnosis,doctor_query
Please arrange for the doctor to visit me today,doctor_query
I want breakfast,nutrition_request
Can I get lunch,nutrition_request
I would like dinner,nutrition_request
Can I order food,nutrition_request
I feel hungry,nutrition_request
Can I get something to eat,nutrition_request
Please bring my meal,nutrition_request
I want a meal please,nutrition_request
Can I have my dinner now,nutrition_request
Please arrange breakfast,nutrition_request
I would like a snack,nutrition_request
Can I have some food,nutrition_request
Please bring lunch for me,nutrition_request
I would like my meal tray,nutrition_request
Can I get dinner served,nutrition_request
I want to request food,nutrition_request
Please send my meal,nutrition_request
Can I have something light to eat,nutrition_request
I want my breakfast now,nutrition_request
Please arrange dinner for me,nutrition_request
Can I get something to eat soon,nutrition_request
Please send my lunch,nutrition_request
I want food please,nutrition_request
Can I get a meal tray,nutrition_request
Please arrange lunch for me,nutrition_request
I feel like eating something,nutrition_request
Could you bring dinner,nutrition_request
Please send breakfast,nutrition_request
I want to order lunch,nutrition_request
Can I request a meal,nutrition_request
Please bring dinner for me,nutrition_request
I need some food,nutrition_request
Can I have my lunch now,nutrition_request
Please send my breakfast tray,nutrition_request
I would like something to eat,nutrition_request
Could I get my dinner,nutrition_request
I want to eat something,nutrition_request
Can I request breakfast,nutrition_request
Please arrange my meal,nutrition_request
Could someone bring lunch,nutrition_request
I want dinner served,nutrition_request
Please bring my breakfast,nutrition_request
I would like food now,nutrition_request
Can I get my dinner tray,nutrition_request
Please send my lunch tray,nutrition_request
I want a snack now,nutrition_request
Can I request dinner,nutrition_request
Please arrange my breakfast,nutrition_request
Could someone send food,nutrition_request
I need something to eat,nutrition_request
Please bring my lunch tray,nutrition_request
Can I have dinner now,nutrition_request
I want to order dinner,nutrition_request
Please arrange food for me,nutrition_request
Could I get something light to eat,nutrition_request
Please send a meal tray,nutrition_request
I want to request breakfast,nutrition_request
Can I get lunch served,nutrition_request
Please bring something to eat,nutrition_request
I want my meal now,nutrition_request
I need a blanket,utility_request
Can I get an extra pillow,utility_request
Please bring a charger,utility_request
I need a wheelchair,utility_request
Please send housekeeping,utility_request
I need an extra bedsheet,utility_request
Can I get another pillow,utility_request
Please bring a blanket for me,utility_request
I need help with the room cleaning,utility_request
Can I get a phone charger,utility_request
I need a wheelchair to move,utility_request
Please bring an extra blanket,utility_request
Could someone clean my room,utility_request
I need a pillow please,utility_request
Please send housekeeping staff,utility_request
I need a charger for my phone,utility_request
Please bring a fresh bedsheet,utility_request
Can someone bring me a blanket,utility_request
I need housekeeping assistance,utility_request
Please arrange a wheelchair,utility_request
Could someone bring a charger for me,utility_request
I need an extra pillow for comfort,utility_request
Please send room cleaning service,utility_request
I need a fresh bedsheet,utility_request
Can someone bring a blanket quickly,utility_request
Please arrange housekeeping for my room,utility_request
I need help with room cleaning,utility_request
Could I get a charger please,utility_request
Please bring an extra pillow,utility_request
I need a wheelchair to go outside,utility_request
Can you send housekeeping staff,utility_request
Please provide another blanket,utility_request
I need a pillow for support,utility_request
Can someone clean my room please,utility_request
Please bring a charger to my room,utility_request
I need a clean bedsheet,utility_request
Please arrange a blanket for me,utility_request
Could someone bring an extra pillow,utility_request
I need housekeeping service,utility_request
Can I get a blanket now,utility_request
Please provide a wheelchair,utility_request
I need a charger urgently,utility_request
Can someone bring a clean bedsheet,utility_request
Please arrange a pillow for me,utility_request
I need a blanket because it's cold,utility_request
Can I get housekeeping assistance,utility_request
Please send a wheelchair to my room,utility_request
I need room cleaning service,utility_request
Could you bring a charger here,utility_request
Please bring an extra bedsheet,utility_request
I need a blanket and pillow,utility_request
Can I request housekeeping now,utility_request
Please arrange a charger for my phone,utility_request
I need a pillow for my neck,utility_request
Could someone provide a clean blanket,utility_request
Please bring a charger immediately,utility_request
I need housekeeping for cleaning,utility_request
Can someone send a wheelchair here,utility_request
Please arrange room cleaning now,utility_request
I need a bedsheet change,utility_request
Could someone bring me a pillow,utility_request
Please send cleaning staff,utility_request
I need an extra blanket because it's cold,utility_request
Can you bring a charger please,utility_request
Please provide a fresh pillow,utility_request
I need housekeeping to clean the room,utility_request
Can someone bring a bedsheet,utility_request
Please send a blanket to my room,utility_request
I need an extra pillow right now,utility_request
I need some socks,utility_request
What is the status of my request,status_query
Has the nurse been assigned,status_query
Is my food approved,status_query
Did someone come for my request,status_query
What happened to my request,status_query
Has my meal been approved,status_query
Is the nurse coming,status_query
What is happening with my request,status_query
Did housekeeping accept my request,status_query
Has the doctor responded,status_query
Is my request still pending,status_query
Has someone been assigned to help me,status_query
What is the progress of my request,status_query
Did anyone check my request,status_query
Is my food request approved,status_query
When will my request be completed,status_query
Is there an update on my request,status_query
Did the nurse receive my request,status_query
Has my request been processed,status_query
Can you check my request status,status_query
Has someone started working on my request,status_query
Is my request being handled,status_query
Can you tell me what happened to my request,status_query
Did someone accept my request,status_query
Has my service request been assigned,status_query
Is there any update about my request,status_query
Can you tell me the progress of my request,status_query
Has the staff received my request,status_query
Did my request get approved,status_query
Is someone coming to help me,status_query
Can you check if my request is completed,status_query
What is the update on my service request,status_query
Did housekeeping start the cleaning,status_query
Is my nurse request confirmed,status_query
Has my request been accepted,status_query
Can you tell me if someone is coming,status_query
Is my earlier request still active,status_query
Has the nurse responded to my request,status_query
Did anyone take my request,status_query
Can you check if my request is in progress,status_query
Has someone been notified about my request,status_query
Did the doctor see my request,status_query
Can you confirm my request status,status_query
Is my request waiting for approval,status_query
Did someone review my request,status_query
Is my food request in progress,status_query
Has my request reached the staff,status_query
Can you give me an update on my request,status_query
Did someone get my service request,status_query
Is there progress on my request,status_query
Please scan this report,document_submission
Upload this medical report,document_submission
Digitize this prescription,document_submission
Please scan this document,document_submission
I want to upload my medical report,document_submission
Please digitize this report,document_submission
Scan this hospital document,document_submission
Please upload this prescription,document_submission
Can you scan my report,document_submission
I want this document digitized,document_submission
Please process this medical record,document_submission
Upload this hospital document,document_submission
Digitize this test report,document_submission
Please scan my medical paper,document_submission
Can you upload this report,document_submission
Please convert this report to digital format,document_submission
I want to submit this report,document_submission
Please scan my prescription,document_submission
Upload this medical document,document_submission
Please digitize this hospital report,document_submission
Can you scan this medical document,document_submission
I want to upload my prescription,document_submission
Please scan this test report,document_submission
Could you digitize this report,document_submission
Please upload this lab report,document_submission
I need this document scanned,document_submission
Can you digitize this medical paper,document_submission
Please upload my hospital records,document_submission
Scan this prescription for me,document_submission
I want this medical document uploaded,document_submission
Please process this hospital report,document_submission
Can you upload my lab results,document_submission
Please scan and store this report,document_submission
I want to digitize this prescription,document_submission
Please upload this medical paper,document_submission
Scan this document and save it,document_submission
Please convert this report to digital form,document_submission
Can you scan this prescription document,document_submission
Upload this health report,document_submission
Please digitize this medical record,document_submission
Hello,general_conversation
Hi there,general_conversation
How are you,general_conversation
How are you doing today,general_conversation
What is your name,general_conversation
Can you talk with me,general_conversation
I feel bored,general_conversation
Let's talk for a bit,general_conversation
Can you chat with me,general_conversation
I want to talk,general_conversation
Can we have a conversation,general_conversation
Tell me something interesting,general_conversation
Tell me something fun,general_conversation
Tell me a joke,general_conversation
Do you know any jokes,general_conversation
Say something funny,general_conversation
Make me laugh,general_conversation
I feel lonely,general_conversation
Can you keep me company,general_conversation
Talk to me,general_conversation
Can you tell me a story,general_conversation
Tell me a short story,general_conversation
Do you know any stories,general_conversation
What time is it,general_conversation
What day is today,general_conversation
What is the weather today,general_conversation
How is your day going,general_conversation
Are you doing well,general_conversation
Are you a robot,general_conversation
What can you do,general_conversation
Can you help me pass time,general_conversation
I want to chat,general_conversation
Let's talk,general_conversation
Do you like talking,general_conversation
Are you listening,general_conversation
Are you still there,general_conversation
Can you hear me,general_conversation
Can we talk for a while,general_conversation
Tell me something cool,general_conversation
Say something interesting,general_conversation
Can you entertain me,general_conversation
I'm feeling bored,general_conversation
I need someone to talk to,general_conversation
Can you say something funny,general_conversation
Let's have a chat,general_conversation
Talk with me,general_conversation
Tell me something nice,general_conversation
Do you like helping people,general_conversation
Can you tell me a fact,general_conversation
Give me a fun fact,general_conversation
Tell me a random fact,general_conversation
Say something smart,general_conversation
What do you know,general_conversation
What are you capable of,general_conversation
Can you explain what you do,general_conversation
Do you understand me,general_conversation
Are you intelligent,general_conversation
Are you an AI,general_conversation
What is artificial intelligence,general_conversation
Can you answer questions,general_conversation
Can you talk like a human,general_conversation
Do you learn from people,general_conversation
What languages do you speak,general_conversation
Can you speak my language,general_conversation
Are you friendly,general_conversation
Are you helpful,general_conversation
Tell me something new,general_conversation
Give me something to think about,general_conversation
Let's discuss something,general_conversation
Can we talk about something fun,general_conversation
Do you like chatting,general_conversation
Do you enjoy conversations,general_conversation
Say hello,general_conversation
Greet me,general_conversation
Good morning,general_conversation
Good evening,general_conversation
Good night,general_conversation
Nice to meet you,general_conversation
How is everything,general_conversation
How are things going,general_conversation
What are you doing,general_conversation
Are you busy,general_conversation
Can you spare a minute,general_conversation
Let's spend some time talking,general_conversation
Keep me entertained,general_conversation
Tell me something interesting about science,general_conversation
Do you know about space,general_conversation
Tell me something about technology,general_conversation
What do you know about AI,general_conversation
Explain something cool,general_conversation
Share a fun fact,general_conversation
Tell me something random,general_conversation
Can we talk about something interesting,general_conversation
Let's have a friendly chat,general_conversation
Speak with me,general_conversation
Tell me something fun today,general_conversation
I just want to talk,general_conversation
Can we chat casually,general_conversation
Say something interesting,general_conversation
Let's talk about anything,general_conversation